{
    "metrics": {
        "http_req_tls_handshaking": {
            "avg": 23.051932727272725,
            "min": 0,
            "med": 0,
            "max": 358.4663,
            "p(90)": 91.08016,
            "p(95)": 99.43145999999997
        },
        "http_req_duration": {
            "p(90)": 365.06676000000004,
            "p(95)": 602.2033699999994,
            "avg": 188.79299272727272,
            "min": 52.8146,
            "med": 120.3843,
            "max": 807.0585,
            "thresholds": {
                "p(95)<2000": false
            }
        },
        "http_req_sending": {
            "med": 0,
            "max": 0.5409,
            "p(90)": 0.02052000000000005,
            "p(95)": 0.11931999999999984,
            "avg": 0.024769090909090907,
            "min": 0
        },
        "data_sent": {
            "count": 14995,
            "rate": 1579.5039771846943
        },
        "http_req_connecting": {
            "max": 42.3746,
            "p(90)": 40.35776,
            "p(95)": 41.43631,
            "avg": 7.370503636363637,
            "min": 0,
            "med": 0
        },
        "iterations": {
            "count": 55,
            "rate": 5.793445731587742
        },
        "http_req_duration{expected_response:true}": {
            "avg": 188.79299272727272,
            "min": 52.8146,
            "med": 120.3843,
            "max": 807.0585,
            "p(90)": 365.06676000000004,
            "p(95)": 602.2033699999994
        },
        "vus": {
            "value": 4,
            "min": 4,
            "max": 10
        },
        "http_req_waiting": {
            "max": 743.0882,
            "p(90)": 167.67344000000008,
            "p(95)": 301.51612999999946,
            "avg": 101.28486181818182,
            "min": 43.9369,
            "med": 54.4341
        },
        "checks": {
            "passes": 110,
            "fails": 0,
            "value": 1
        },
        "iteration_duration": {
            "avg": 1229.657256363636,
            "min": 1063.5022,
            "med": 1156.4692,
            "max": 1818.6023,
            "p(90)": 1504.19268,
            "p(95)": 1687.8401099999996
        },
        "http_req_failed": {
            "fails": 55,
            "passes": 0,
            "thresholds": {
                "rate<0.01": false
            },
            "value": 0
        },
        "http_req_receiving": {
            "avg": 87.48336181818186,
            "min": 2.3082,
            "med": 61.1247,
            "max": 699.5168,
            "p(90)": 135.65056000000004,
            "p(95)": 183.52327999999966
        },
        "vus_max": {
            "value": 10,
            "min": 10,
            "max": 10
        },
        "http_reqs": {
            "count": 55,
            "rate": 5.793445731587742
        },
        "data_received": {
            "count": 2708393,
            "rate": 285289.59755112947
        },
        "http_req_blocked": {
            "p(95)": 138.55197999999996,
            "avg": 32.313596363636364,
            "min": 0,
            "med": 0,
            "max": 399.6552,
            "p(90)": 132.2709
        }
    },
    "root_group": {
        "groups": {},
        "checks": {
                "status is 200": {
                    "name": "status is 200",
                    "path": "::status is 200",
                    "id": "6210a8cd14cd70477eba5c5e4cb3fb5f",
                    "passes": 55,
                    "fails": 0
                },
                "response time < 2s": {
                    "passes": 55,
                    "fails": 0,
                    "name": "response time < 2s",
                    "path": "::response time < 2s",
                    "id": "492f12d6af2add47d3f33fffc3b7b9ac"
                }
            },
        "name": "",
        "path": "",
        "id": "d41d8cd98f00b204e9800998ecf8427e"
    }
}