{
    "root_group": {
        "name": "",
        "path": "",
        "id": "d41d8cd98f00b204e9800998ecf8427e",
        "groups": {},
        "checks": {
                "status is 200": {
                    "fails": 0,
                    "name": "status is 200",
                    "path": "::status is 200",
                    "id": "6210a8cd14cd70477eba5c5e4cb3fb5f",
                    "passes": 53
                },
                "response time < 2s": {
                    "id": "492f12d6af2add47d3f33fffc3b7b9ac",
                    "passes": 53,
                    "fails": 0,
                    "name": "response time < 2s",
                    "path": "::response time < 2s"
                }
            }
    },
    "metrics": {
        "http_req_receiving": {
            "med": 104.3752,
            "max": 713.3962,
            "p(90)": 275.10106,
            "p(95)": 556.1196799999999,
            "avg": 158.99050188679246,
            "min": 23.3998
        },
        "data_received": {
            "count": 5172250,
            "rate": 529437.0858259663
        },
        "checks": {
            "passes": 106,
            "fails": 0,
            "value": 1
        },
        "http_req_failed": {
            "passes": 0,
            "fails": 53,
            "thresholds": {
                "rate<0.01": false
            },
            "value": 0
        },
        "http_req_duration{expected_response:true}": {
            "avg": 239.5359698113207,
            "min": 82.5073,
            "med": 193.862,
            "max": 785.1953,
            "p(90)": 412.57552000000015,
            "p(95)": 624.23488
        },
        "http_req_blocked": {
            "min": 0,
            "med": 0,
            "max": 390.9552,
            "p(90)": 133.5943,
            "p(95)": 148.29243999999997,
            "avg": 31.773494339622648
        },
        "vus": {
            "value": 2,
            "min": 2,
            "max": 10
        },
        "http_req_tls_handshaking": {
            "max": 348.864,
            "p(90)": 91.93222000000002,
            "p(95)": 93.39652,
            "avg": 22.633092452830187,
            "min": 0,
            "med": 0
        },
        "http_req_sending": {
            "avg": 0.07037924528301887,
            "min": 0,
            "med": 0,
            "max": 1.0075,
            "p(90)": 0.24132000000000112,
            "p(95)": 0.52462
        },
        "iterations": {
            "count": 53,
            "rate": 5.425137135439358
        },
        "http_req_connecting": {
            "p(95)": 42.698339999999995,
            "avg": 8.286181132075473,
            "min": 0,
            "med": 0,
            "max": 65.6452,
            "p(90)": 40.49884
        },
        "http_reqs": {
            "count": 53,
            "rate": 5.425137135439358
        },
        "iteration_duration": {
            "min": 1090.495,
            "med": 1214.9206,
            "max": 1927.267,
            "p(90)": 1542.4049800000005,
            "p(95)": 1668.1272,
            "avg": 1279.9134886792456
        },
        "vus_max": {
            "value": 10,
            "min": 10,
            "max": 10
        },
        "http_req_duration": {
            "max": 785.1953,
            "p(90)": 412.57552000000015,
            "p(95)": 624.23488,
            "avg": 239.5359698113207,
            "min": 82.5073,
            "med": 193.862,
            "thresholds": {
                "p(95)<2000": false
            }
        },
        "data_sent": {
            "count": 14627,
            "rate": 1497.2354883032356
        },
        "http_req_waiting": {
            "min": 47.1951,
            "med": 60.9299,
            "max": 355.429,
            "p(90)": 104.60334,
            "p(95)": 130.65331999999995,
            "avg": 80.47508867924529
        }
    }
}